<?xml version="1.0" encoding="ISO-8859-1" ?>
<link_info>
   <banner>TI ARM Linker PC v20.2.0.LTS</banner>
   <copyright>Copyright (c) 1996-2018 Texas Instruments Incorporated</copyright>
   <link_time>0x60246b59</link_time>
   <link_errors>0x0</link_errors>
   <output_file>SERIAL.out</output_file>
   <entry_point>
      <name>_c_int00_noargs</name>
      <address>0x621</address>
   </entry_point>
   <input_file_list>
      <input_file id="fl-2">
         <path>.\</path>
         <kind>object</kind>
         <file>main.obj</file>
         <name>main.obj</name>
      </input_file>
      <input_file id="fl-3">
         <path>.\</path>
         <kind>object</kind>
         <file>tm4c123gh6pm_startup_ccs.obj</file>
         <name>tm4c123gh6pm_startup_ccs.obj</name>
      </input_file>
      <input_file id="fl-8">
         <kind>object</kind>
         <file>&lt;internal&gt;</file>
         <name>&lt;internal&gt;</name>
      </input_file>
      <input_file id="fl-9">
         <path>C:\ti\TivaWare_C_Series-2.1.4.178\driverlib\ccs\Debug\</path>
         <kind>archive</kind>
         <file>driverlib.lib</file>
         <name>gpio.obj</name>
      </input_file>
      <input_file id="fl-a">
         <path>C:\ti\TivaWare_C_Series-2.1.4.178\driverlib\ccs\Debug\</path>
         <kind>archive</kind>
         <file>driverlib.lib</file>
         <name>interrupt.obj</name>
      </input_file>
      <input_file id="fl-b">
         <path>C:\ti\TivaWare_C_Series-2.1.4.178\driverlib\ccs\Debug\</path>
         <kind>archive</kind>
         <file>driverlib.lib</file>
         <name>sysctl.obj</name>
      </input_file>
      <input_file id="fl-c">
         <path>C:\ti\TivaWare_C_Series-2.1.4.178\driverlib\ccs\Debug\</path>
         <kind>archive</kind>
         <file>driverlib.lib</file>
         <name>cpu.obj</name>
      </input_file>
      <input_file id="fl-c2">
         <path>C:\ti\ccs1000\ccs\tools\compiler\ti-cgt-arm_20.2.0.LTS\lib\</path>
         <kind>archive</kind>
         <file>rtsv7M4_T_le_v4SPD16_eabi.lib</file>
         <name>copy_zero_init.c.obj</name>
      </input_file>
      <input_file id="fl-c3">
         <path>C:\ti\ccs1000\ccs\tools\compiler\ti-cgt-arm_20.2.0.LTS\lib\</path>
         <kind>archive</kind>
         <file>rtsv7M4_T_le_v4SPD16_eabi.lib</file>
         <name>copy_decompress_none.c.obj</name>
      </input_file>
      <input_file id="fl-c4">
         <path>C:\ti\ccs1000\ccs\tools\compiler\ti-cgt-arm_20.2.0.LTS\lib\</path>
         <kind>archive</kind>
         <file>rtsv7M4_T_le_v4SPD16_eabi.lib</file>
         <name>copy_decompress_lzss.c.obj</name>
      </input_file>
      <input_file id="fl-c5">
         <path>C:\ti\ccs1000\ccs\tools\compiler\ti-cgt-arm_20.2.0.LTS\lib\</path>
         <kind>archive</kind>
         <file>rtsv7M4_T_le_v4SPD16_eabi.lib</file>
         <name>boot_cortex_m.c.obj</name>
      </input_file>
      <input_file id="fl-c6">
         <path>C:\ti\ccs1000\ccs\tools\compiler\ti-cgt-arm_20.2.0.LTS\lib\</path>
         <kind>archive</kind>
         <file>rtsv7M4_T_le_v4SPD16_eabi.lib</file>
         <name>memcpy_t2.asm.obj</name>
      </input_file>
      <input_file id="fl-c7">
         <path>C:\ti\ccs1000\ccs\tools\compiler\ti-cgt-arm_20.2.0.LTS\lib\</path>
         <kind>archive</kind>
         <file>rtsv7M4_T_le_v4SPD16_eabi.lib</file>
         <name>memset_t2.asm.obj</name>
      </input_file>
      <input_file id="fl-c8">
         <path>C:\ti\ccs1000\ccs\tools\compiler\ti-cgt-arm_20.2.0.LTS\lib\</path>
         <kind>archive</kind>
         <file>rtsv7M4_T_le_v4SPD16_eabi.lib</file>
         <name>autoinit.c.obj</name>
      </input_file>
      <input_file id="fl-c9">
         <path>C:\ti\ccs1000\ccs\tools\compiler\ti-cgt-arm_20.2.0.LTS\lib\</path>
         <kind>archive</kind>
         <file>rtsv7M4_T_le_v4SPD16_eabi.lib</file>
         <name>pre_init.c.obj</name>
      </input_file>
      <input_file id="fl-ca">
         <path>C:\ti\ccs1000\ccs\tools\compiler\ti-cgt-arm_20.2.0.LTS\lib\</path>
         <kind>archive</kind>
         <file>rtsv7M4_T_le_v4SPD16_eabi.lib</file>
         <name>cpy_tbl.c.obj</name>
      </input_file>
      <input_file id="fl-cb">
         <path>C:\ti\ccs1000\ccs\tools\compiler\ti-cgt-arm_20.2.0.LTS\lib\</path>
         <kind>archive</kind>
         <file>rtsv7M4_T_le_v4SPD16_eabi.lib</file>
         <name>exit.c.obj</name>
      </input_file>
      <input_file id="fl-cc">
         <path>C:\ti\ccs1000\ccs\tools\compiler\ti-cgt-arm_20.2.0.LTS\lib\</path>
         <kind>archive</kind>
         <file>rtsv7M4_T_le_v4SPD16_eabi.lib</file>
         <name>_lock.c.obj</name>
      </input_file>
      <input_file id="fl-cd">
         <path>C:\ti\ccs1000\ccs\tools\compiler\ti-cgt-arm_20.2.0.LTS\lib\</path>
         <kind>archive</kind>
         <file>rtsv7M4_T_le_v4SPD16_eabi.lib</file>
         <name>args_main.c.obj</name>
      </input_file>
   </input_file_list>
   <object_component_list>
      <object_component id="oc-12">
         <name>.intvecs</name>
         <load_address>0x0</load_address>
         <run_address>0x0</run_address>
         <size>0x26c</size>
         <input_file_ref idref="fl-3"/>
      </object_component>
      <object_component id="oc-2d">
         <name>.text</name>
         <load_address>0x26c</load_address>
         <run_address>0x26c</run_address>
         <size>0x208</size>
         <input_file_ref idref="fl-2"/>
      </object_component>
      <object_component id="oc-80">
         <name>.text:GPIOPadConfigSet</name>
         <load_address>0x474</load_address>
         <run_address>0x474</run_address>
         <size>0x132</size>
         <input_file_ref idref="fl-9"/>
      </object_component>
      <object_component id="oc-102">
         <name>.text:__TI_auto_init_nobinit_nopinit:__TI_auto_init_nobinit_nopinit</name>
         <load_address>0x5a8</load_address>
         <run_address>0x5a8</run_address>
         <size>0x44</size>
         <input_file_ref idref="fl-c8"/>
      </object_component>
      <object_component id="oc-74">
         <name>.text:SysCtlPeripheralEnable</name>
         <load_address>0x5ec</load_address>
         <run_address>0x5ec</run_address>
         <size>0x34</size>
         <input_file_ref idref="fl-b"/>
      </object_component>
      <object_component id="oc-5f">
         <name>.text:_c_int00_noargs:_c_int00_noargs</name>
         <load_address>0x620</load_address>
         <run_address>0x620</run_address>
         <size>0x34</size>
         <input_file_ref idref="fl-c5"/>
      </object_component>
      <object_component id="oc-d5">
         <name>.text:GPIODirModeSet</name>
         <load_address>0x654</load_address>
         <run_address>0x654</run_address>
         <size>0x2a</size>
         <input_file_ref idref="fl-9"/>
      </object_component>
      <object_component id="oc-4d">
         <name>.text:decompress:ZI:__TI_zero_init_nomemset:__TI_zero_init_nomemset</name>
         <load_address>0x67e</load_address>
         <run_address>0x67e</run_address>
         <size>0x1c</size>
         <input_file_ref idref="fl-c2"/>
      </object_component>
      <object_component id="oc-86">
         <name>.text:GPIOPinTypeGPIOOutput</name>
         <load_address>0x69a</load_address>
         <run_address>0x69a</run_address>
         <size>0x18</size>
         <input_file_ref idref="fl-9"/>
      </object_component>
      <object_component id="oc-7a">
         <name>.text:GPIOPinTypeGPIOInput</name>
         <load_address>0x6b2</load_address>
         <run_address>0x6b2</run_address>
         <size>0x12</size>
         <input_file_ref idref="fl-9"/>
      </object_component>
      <object_component id="oc-27">
         <name>.text</name>
         <load_address>0x6c4</load_address>
         <run_address>0x6c4</run_address>
         <size>0xc</size>
         <input_file_ref idref="fl-3"/>
      </object_component>
      <object_component id="oc-bc">
         <name>.text:_system_pre_init</name>
         <load_address>0x6d0</load_address>
         <run_address>0x6d0</run_address>
         <size>0x4</size>
         <input_file_ref idref="fl-c9"/>
      </object_component>
      <object_component id="oc-f6">
         <name>.text:abort:abort</name>
         <load_address>0x6d4</load_address>
         <run_address>0x6d4</run_address>
         <size>0x4</size>
         <input_file_ref idref="fl-cb"/>
      </object_component>
      <object_component id="oc-1b9">
         <name>.cinit..bss.load</name>
         <load_address>0x6d8</load_address>
         <run_address>0x6d8</run_address>
         <size>0x8</size>
      </object_component>
      <object_component id="oc-1b7">
         <name>__TI_handler_table</name>
         <load_address>0x6e0</load_address>
         <run_address>0x6e0</run_address>
         <size>0x4</size>
      </object_component>
      <object_component id="oc-1b8">
         <name>__TI_cinit_table</name>
         <load_address>0x6e4</load_address>
         <run_address>0x6e4</run_address>
         <size>0x8</size>
      </object_component>
      <object_component id="oc-8c">
         <name>.common:ui32Period</name>
         <uninitialized>true</uninitialized>
         <run_address>0x20000200</run_address>
         <size>0x4</size>
      </object_component>
      <object_component id="oc-24">
         <name>.stack</name>
         <uninitialized>true</uninitialized>
         <run_address>0x20000000</run_address>
         <size>0x4</size>
         <input_file_ref idref="fl-c5"/>
      </object_component>
      <object_component id="oc-1bb">
         <name>.stack</name>
         <uninitialized>true</uninitialized>
         <run_address>0x20000000</run_address>
         <size>0x0</size>
      </object_component>
      <object_component id="oc-8d">
         <name>.debug_info</name>
         <load_address>0x0</load_address>
         <run_address>0x0</run_address>
         <size>0x390</size>
         <input_file_ref idref="fl-2"/>
      </object_component>
      <object_component id="oc-31">
         <name>.debug_info</name>
         <load_address>0x390</load_address>
         <run_address>0x390</run_address>
         <size>0x2f5</size>
         <input_file_ref idref="fl-2"/>
      </object_component>
      <object_component id="oc-97">
         <name>.debug_info</name>
         <load_address>0x685</load_address>
         <run_address>0x685</run_address>
         <size>0x26b</size>
         <input_file_ref idref="fl-2"/>
      </object_component>
      <object_component id="oc-90">
         <name>.debug_info</name>
         <load_address>0x8f0</load_address>
         <run_address>0x8f0</run_address>
         <size>0x8b</size>
         <input_file_ref idref="fl-2"/>
      </object_component>
      <object_component id="oc-e1">
         <name>.debug_info</name>
         <load_address>0x97b</load_address>
         <run_address>0x97b</run_address>
         <size>0x2a4</size>
         <input_file_ref idref="fl-2"/>
      </object_component>
      <object_component id="oc-9c">
         <name>.debug_info</name>
         <load_address>0xc1f</load_address>
         <run_address>0xc1f</run_address>
         <size>0xbb</size>
         <input_file_ref idref="fl-2"/>
      </object_component>
      <object_component id="oc-35">
         <name>.debug_info</name>
         <load_address>0xcda</load_address>
         <run_address>0xcda</run_address>
         <size>0x309</size>
         <input_file_ref idref="fl-3"/>
      </object_component>
      <object_component id="oc-13">
         <name>.debug_info</name>
         <load_address>0xfe3</load_address>
         <run_address>0xfe3</run_address>
         <size>0xfc</size>
         <input_file_ref idref="fl-3"/>
      </object_component>
      <object_component id="oc-2b">
         <name>.debug_info</name>
         <load_address>0x10df</load_address>
         <run_address>0x10df</run_address>
         <size>0x278</size>
         <input_file_ref idref="fl-3"/>
      </object_component>
      <object_component id="oc-3c">
         <name>.debug_info</name>
         <load_address>0x1357</load_address>
         <run_address>0x1357</run_address>
         <size>0x84</size>
         <input_file_ref idref="fl-3"/>
      </object_component>
      <object_component id="oc-dd">
         <name>.debug_info</name>
         <load_address>0x13db</load_address>
         <run_address>0x13db</run_address>
         <size>0x240</size>
         <input_file_ref idref="fl-9"/>
      </object_component>
      <object_component id="oc-d6">
         <name>.debug_info</name>
         <load_address>0x161b</load_address>
         <run_address>0x161b</run_address>
         <size>0x2b3</size>
         <input_file_ref idref="fl-9"/>
      </object_component>
      <object_component id="oc-81">
         <name>.debug_info</name>
         <load_address>0x18ce</load_address>
         <run_address>0x18ce</run_address>
         <size>0x316</size>
         <input_file_ref idref="fl-9"/>
      </object_component>
      <object_component id="oc-87">
         <name>.debug_info</name>
         <load_address>0x1be4</load_address>
         <run_address>0x1be4</run_address>
         <size>0x2b7</size>
         <input_file_ref idref="fl-9"/>
      </object_component>
      <object_component id="oc-7b">
         <name>.debug_info</name>
         <load_address>0x1e9b</load_address>
         <run_address>0x1e9b</run_address>
         <size>0x285</size>
         <input_file_ref idref="fl-9"/>
      </object_component>
      <object_component id="oc-cf">
         <name>.debug_info</name>
         <load_address>0x2120</load_address>
         <run_address>0x2120</run_address>
         <size>0x18b</size>
         <input_file_ref idref="fl-9"/>
      </object_component>
      <object_component id="oc-d4">
         <name>.debug_info</name>
         <load_address>0x22ab</load_address>
         <run_address>0x22ab</run_address>
         <size>0x298</size>
         <input_file_ref idref="fl-b"/>
      </object_component>
      <object_component id="oc-76">
         <name>.debug_info</name>
         <load_address>0x2543</load_address>
         <run_address>0x2543</run_address>
         <size>0x27d</size>
         <input_file_ref idref="fl-b"/>
      </object_component>
      <object_component id="oc-136">
         <name>.debug_info</name>
         <load_address>0x27c0</load_address>
         <run_address>0x27c0</run_address>
         <size>0x5f</size>
         <input_file_ref idref="fl-b"/>
      </object_component>
      <object_component id="oc-b5">
         <name>.debug_info</name>
         <load_address>0x281f</load_address>
         <run_address>0x281f</run_address>
         <size>0x2d4</size>
         <input_file_ref idref="fl-c2"/>
      </object_component>
      <object_component id="oc-4e">
         <name>.debug_info</name>
         <load_address>0x2af3</load_address>
         <run_address>0x2af3</run_address>
         <size>0x1d2</size>
         <input_file_ref idref="fl-c2"/>
      </object_component>
      <object_component id="oc-b0">
         <name>.debug_info</name>
         <load_address>0x2cc5</load_address>
         <run_address>0x2cc5</run_address>
         <size>0x46</size>
         <input_file_ref idref="fl-c2"/>
      </object_component>
      <object_component id="oc-ed">
         <name>.debug_info</name>
         <load_address>0x2d0b</load_address>
         <run_address>0x2d0b</run_address>
         <size>0x2c</size>
         <input_file_ref idref="fl-c2"/>
      </object_component>
      <object_component id="oc-25">
         <name>.debug_info</name>
         <load_address>0x2d37</load_address>
         <run_address>0x2d37</run_address>
         <size>0x10b</size>
         <input_file_ref idref="fl-c5"/>
      </object_component>
      <object_component id="oc-60">
         <name>.debug_info</name>
         <load_address>0x2e42</load_address>
         <run_address>0x2e42</run_address>
         <size>0x1a9</size>
         <input_file_ref idref="fl-c5"/>
      </object_component>
      <object_component id="oc-149">
         <name>.debug_info</name>
         <load_address>0x2feb</load_address>
         <run_address>0x2feb</run_address>
         <size>0x4b3</size>
         <input_file_ref idref="fl-c8"/>
      </object_component>
      <object_component id="oc-106">
         <name>.debug_info</name>
         <load_address>0x349e</load_address>
         <run_address>0x349e</run_address>
         <size>0x1a6</size>
         <input_file_ref idref="fl-c8"/>
      </object_component>
      <object_component id="oc-16e">
         <name>.debug_info</name>
         <load_address>0x3644</load_address>
         <run_address>0x3644</run_address>
         <size>0x39</size>
         <input_file_ref idref="fl-c8"/>
      </object_component>
      <object_component id="oc-182">
         <name>.debug_info</name>
         <load_address>0x367d</load_address>
         <run_address>0x367d</run_address>
         <size>0x39</size>
         <input_file_ref idref="fl-c8"/>
      </object_component>
      <object_component id="oc-173">
         <name>.debug_info</name>
         <load_address>0x36b6</load_address>
         <run_address>0x36b6</run_address>
         <size>0x39</size>
         <input_file_ref idref="fl-c8"/>
      </object_component>
      <object_component id="oc-178">
         <name>.debug_info</name>
         <load_address>0x36ef</load_address>
         <run_address>0x36ef</run_address>
         <size>0xcd</size>
         <input_file_ref idref="fl-c8"/>
      </object_component>
      <object_component id="oc-bd">
         <name>.debug_info</name>
         <load_address>0x37bc</load_address>
         <run_address>0x37bc</run_address>
         <size>0x153</size>
         <input_file_ref idref="fl-c9"/>
      </object_component>
      <object_component id="oc-f7">
         <name>.debug_info</name>
         <load_address>0x390f</load_address>
         <run_address>0x390f</run_address>
         <size>0x122</size>
         <input_file_ref idref="fl-cb"/>
      </object_component>
      <object_component id="oc-1bc">
         <name>.debug_info</name>
         <load_address>0x3a31</load_address>
         <run_address>0x3a31</run_address>
         <size>0xaf</size>
      </object_component>
      <object_component id="oc-e0">
         <name>.debug_line</name>
         <load_address>0x0</load_address>
         <run_address>0x0</run_address>
         <size>0x9b</size>
         <input_file_ref idref="fl-2"/>
      </object_component>
      <object_component id="oc-2e">
         <name>.debug_line</name>
         <load_address>0x9b</load_address>
         <run_address>0x9b</run_address>
         <size>0x9b</size>
         <input_file_ref idref="fl-2"/>
      </object_component>
      <object_component id="oc-9a">
         <name>.debug_line</name>
         <load_address>0x136</load_address>
         <run_address>0x136</run_address>
         <size>0x6f</size>
         <input_file_ref idref="fl-2"/>
      </object_component>
      <object_component id="oc-93">
         <name>.debug_line</name>
         <load_address>0x1a5</load_address>
         <run_address>0x1a5</run_address>
         <size>0x20</size>
         <input_file_ref idref="fl-2"/>
      </object_component>
      <object_component id="oc-e4">
         <name>.debug_line</name>
         <load_address>0x1c5</load_address>
         <run_address>0x1c5</run_address>
         <size>0x73</size>
         <input_file_ref idref="fl-2"/>
      </object_component>
      <object_component id="oc-9f">
         <name>.debug_line</name>
         <load_address>0x238</load_address>
         <run_address>0x238</run_address>
         <size>0x70</size>
         <input_file_ref idref="fl-2"/>
      </object_component>
      <object_component id="oc-96">
         <name>.debug_line</name>
         <load_address>0x2a8</load_address>
         <run_address>0x2a8</run_address>
         <size>0x41</size>
         <input_file_ref idref="fl-3"/>
      </object_component>
      <object_component id="oc-34">
         <name>.debug_line</name>
         <load_address>0x2e9</load_address>
         <run_address>0x2e9</run_address>
         <size>0x41</size>
         <input_file_ref idref="fl-3"/>
      </object_component>
      <object_component id="oc-29">
         <name>.debug_line</name>
         <load_address>0x32a</load_address>
         <run_address>0x32a</run_address>
         <size>0xa1</size>
         <input_file_ref idref="fl-3"/>
      </object_component>
      <object_component id="oc-3f">
         <name>.debug_line</name>
         <load_address>0x3cb</load_address>
         <run_address>0x3cb</run_address>
         <size>0x20</size>
         <input_file_ref idref="fl-3"/>
      </object_component>
      <object_component id="oc-13d">
         <name>.debug_line</name>
         <load_address>0x3eb</load_address>
         <run_address>0x3eb</run_address>
         <size>0x82</size>
         <input_file_ref idref="fl-9"/>
      </object_component>
      <object_component id="oc-da">
         <name>.debug_line</name>
         <load_address>0x46d</load_address>
         <run_address>0x46d</run_address>
         <size>0x95</size>
         <input_file_ref idref="fl-9"/>
      </object_component>
      <object_component id="oc-85">
         <name>.debug_line</name>
         <load_address>0x502</load_address>
         <run_address>0x502</run_address>
         <size>0xd1</size>
         <input_file_ref idref="fl-9"/>
      </object_component>
      <object_component id="oc-8a">
         <name>.debug_line</name>
         <load_address>0x5d3</load_address>
         <run_address>0x5d3</run_address>
         <size>0x99</size>
         <input_file_ref idref="fl-9"/>
      </object_component>
      <object_component id="oc-7e">
         <name>.debug_line</name>
         <load_address>0x66c</load_address>
         <run_address>0x66c</run_address>
         <size>0x93</size>
         <input_file_ref idref="fl-9"/>
      </object_component>
      <object_component id="oc-d2">
         <name>.debug_line</name>
         <load_address>0x6ff</load_address>
         <run_address>0x6ff</run_address>
         <size>0x69</size>
         <input_file_ref idref="fl-9"/>
      </object_component>
      <object_component id="oc-135">
         <name>.debug_line</name>
         <load_address>0x768</load_address>
         <run_address>0x768</run_address>
         <size>0x13d</size>
         <input_file_ref idref="fl-b"/>
      </object_component>
      <object_component id="oc-79">
         <name>.debug_line</name>
         <load_address>0x8a5</load_address>
         <run_address>0x8a5</run_address>
         <size>0x94</size>
         <input_file_ref idref="fl-b"/>
      </object_component>
      <object_component id="oc-139">
         <name>.debug_line</name>
         <load_address>0x939</load_address>
         <run_address>0x939</run_address>
         <size>0x7f</size>
         <input_file_ref idref="fl-b"/>
      </object_component>
      <object_component id="oc-f3">
         <name>.debug_line</name>
         <load_address>0x9b8</load_address>
         <run_address>0x9b8</run_address>
         <size>0x92</size>
         <input_file_ref idref="fl-c2"/>
      </object_component>
      <object_component id="oc-51">
         <name>.debug_line</name>
         <load_address>0xa4a</load_address>
         <run_address>0xa4a</run_address>
         <size>0x56</size>
         <input_file_ref idref="fl-c2"/>
      </object_component>
      <object_component id="oc-b3">
         <name>.debug_line</name>
         <load_address>0xaa0</load_address>
         <run_address>0xaa0</run_address>
         <size>0x34</size>
         <input_file_ref idref="fl-c2"/>
      </object_component>
      <object_component id="oc-f0">
         <name>.debug_line</name>
         <load_address>0xad4</load_address>
         <run_address>0xad4</run_address>
         <size>0x92</size>
         <input_file_ref idref="fl-c2"/>
      </object_component>
      <object_component id="oc-72">
         <name>.debug_line</name>
         <load_address>0xb66</load_address>
         <run_address>0xb66</run_address>
         <size>0x33</size>
         <input_file_ref idref="fl-c5"/>
      </object_component>
      <object_component id="oc-64">
         <name>.debug_line</name>
         <load_address>0xb99</load_address>
         <run_address>0xb99</run_address>
         <size>0x45</size>
         <input_file_ref idref="fl-c5"/>
      </object_component>
      <object_component id="oc-16d">
         <name>.debug_line</name>
         <load_address>0xbde</load_address>
         <run_address>0xbde</run_address>
         <size>0xbf</size>
         <input_file_ref idref="fl-c8"/>
      </object_component>
      <object_component id="oc-103">
         <name>.debug_line</name>
         <load_address>0xc9d</load_address>
         <run_address>0xc9d</run_address>
         <size>0x6f</size>
         <input_file_ref idref="fl-c8"/>
      </object_component>
      <object_component id="oc-171">
         <name>.debug_line</name>
         <load_address>0xd0c</load_address>
         <run_address>0xd0c</run_address>
         <size>0x2e</size>
         <input_file_ref idref="fl-c8"/>
      </object_component>
      <object_component id="oc-185">
         <name>.debug_line</name>
         <load_address>0xd3a</load_address>
         <run_address>0xd3a</run_address>
         <size>0x9a</size>
         <input_file_ref idref="fl-c8"/>
      </object_component>
      <object_component id="oc-176">
         <name>.debug_line</name>
         <load_address>0xdd4</load_address>
         <run_address>0xdd4</run_address>
         <size>0x97</size>
         <input_file_ref idref="fl-c8"/>
      </object_component>
      <object_component id="oc-17b">
         <name>.debug_line</name>
         <load_address>0xe6b</load_address>
         <run_address>0xe6b</run_address>
         <size>0x93</size>
         <input_file_ref idref="fl-c8"/>
      </object_component>
      <object_component id="oc-c0">
         <name>.debug_line</name>
         <load_address>0xefe</load_address>
         <run_address>0xefe</run_address>
         <size>0x40</size>
         <input_file_ref idref="fl-c9"/>
      </object_component>
      <object_component id="oc-fa">
         <name>.debug_line</name>
         <load_address>0xf3e</load_address>
         <run_address>0xf3e</run_address>
         <size>0x3c</size>
         <input_file_ref idref="fl-cb"/>
      </object_component>
      <object_component id="oc-30">
         <name>.debug_frame</name>
         <load_address>0x0</load_address>
         <run_address>0x0</run_address>
         <size>0x8c</size>
         <input_file_ref idref="fl-2"/>
      </object_component>
      <object_component id="oc-28">
         <name>.debug_frame</name>
         <load_address>0x8c</load_address>
         <run_address>0x8c</run_address>
         <size>0x90</size>
         <input_file_ref idref="fl-3"/>
      </object_component>
      <object_component id="oc-d9">
         <name>.debug_frame</name>
         <load_address>0x2c4</load_address>
         <run_address>0x2c4</run_address>
         <size>0x7f</size>
         <input_file_ref idref="fl-9"/>
      </object_component>
      <object_component id="oc-84">
         <name>.debug_frame</name>
         <load_address>0x343</load_address>
         <run_address>0x343</run_address>
         <size>0x8f</size>
         <input_file_ref idref="fl-9"/>
      </object_component>
      <object_component id="oc-8b">
         <name>.debug_frame</name>
         <load_address>0x3d2</load_address>
         <run_address>0x3d2</run_address>
         <size>0x8a</size>
         <input_file_ref idref="fl-9"/>
      </object_component>
      <object_component id="oc-7f">
         <name>.debug_frame</name>
         <load_address>0x45c</load_address>
         <run_address>0x45c</run_address>
         <size>0x86</size>
         <input_file_ref idref="fl-9"/>
      </object_component>
      <object_component id="oc-75">
         <name>.debug_frame</name>
         <load_address>0x4e2</load_address>
         <run_address>0x4e2</run_address>
         <size>0x7f</size>
         <input_file_ref idref="fl-b"/>
      </object_component>
      <object_component id="oc-52">
         <name>.debug_frame</name>
         <load_address>0x11c</load_address>
         <run_address>0x11c</run_address>
         <size>0x54</size>
         <input_file_ref idref="fl-c2"/>
      </object_component>
      <object_component id="oc-63">
         <name>.debug_frame</name>
         <load_address>0x170</load_address>
         <run_address>0x170</run_address>
         <size>0x50</size>
         <input_file_ref idref="fl-c5"/>
      </object_component>
      <object_component id="oc-105">
         <name>.debug_frame</name>
         <load_address>0x1c0</load_address>
         <run_address>0x1c0</run_address>
         <size>0x5c</size>
         <input_file_ref idref="fl-c8"/>
      </object_component>
      <object_component id="oc-c1">
         <name>.debug_frame</name>
         <load_address>0x21c</load_address>
         <run_address>0x21c</run_address>
         <size>0x54</size>
         <input_file_ref idref="fl-c9"/>
      </object_component>
      <object_component id="oc-fb">
         <name>.debug_frame</name>
         <load_address>0x270</load_address>
         <run_address>0x270</run_address>
         <size>0x54</size>
         <input_file_ref idref="fl-cb"/>
      </object_component>
      <object_component id="oc-df">
         <name>.debug_abbrev</name>
         <load_address>0x0</load_address>
         <run_address>0x0</run_address>
         <size>0x70</size>
         <input_file_ref idref="fl-2"/>
      </object_component>
      <object_component id="oc-8f">
         <name>.debug_abbrev</name>
         <load_address>0x70</load_address>
         <run_address>0x70</run_address>
         <size>0x9c</size>
         <input_file_ref idref="fl-2"/>
      </object_component>
      <object_component id="oc-99">
         <name>.debug_abbrev</name>
         <load_address>0x10c</load_address>
         <run_address>0x10c</run_address>
         <size>0x69</size>
         <input_file_ref idref="fl-2"/>
      </object_component>
      <object_component id="oc-92">
         <name>.debug_abbrev</name>
         <load_address>0x175</load_address>
         <run_address>0x175</run_address>
         <size>0x1f</size>
         <input_file_ref idref="fl-2"/>
      </object_component>
      <object_component id="oc-e3">
         <name>.debug_abbrev</name>
         <load_address>0x194</load_address>
         <run_address>0x194</run_address>
         <size>0x5c</size>
         <input_file_ref idref="fl-2"/>
      </object_component>
      <object_component id="oc-9e">
         <name>.debug_abbrev</name>
         <load_address>0x1f0</load_address>
         <run_address>0x1f0</run_address>
         <size>0x24</size>
         <input_file_ref idref="fl-2"/>
      </object_component>
      <object_component id="oc-95">
         <name>.debug_abbrev</name>
         <load_address>0x214</load_address>
         <run_address>0x214</run_address>
         <size>0x7c</size>
         <input_file_ref idref="fl-3"/>
      </object_component>
      <object_component id="oc-33">
         <name>.debug_abbrev</name>
         <load_address>0x290</load_address>
         <run_address>0x290</run_address>
         <size>0x29</size>
         <input_file_ref idref="fl-3"/>
      </object_component>
      <object_component id="oc-73">
         <name>.debug_abbrev</name>
         <load_address>0x2b9</load_address>
         <run_address>0x2b9</run_address>
         <size>0x79</size>
         <input_file_ref idref="fl-3"/>
      </object_component>
      <object_component id="oc-3e">
         <name>.debug_abbrev</name>
         <load_address>0x332</load_address>
         <run_address>0x332</run_address>
         <size>0x1f</size>
         <input_file_ref idref="fl-3"/>
      </object_component>
      <object_component id="oc-13c">
         <name>.debug_abbrev</name>
         <load_address>0x351</load_address>
         <run_address>0x351</run_address>
         <size>0x72</size>
         <input_file_ref idref="fl-9"/>
      </object_component>
      <object_component id="oc-13b">
         <name>.debug_abbrev</name>
         <load_address>0x3c3</load_address>
         <run_address>0x3c3</run_address>
         <size>0x6c</size>
         <input_file_ref idref="fl-9"/>
      </object_component>
      <object_component id="oc-dc">
         <name>.debug_abbrev</name>
         <load_address>0x42f</load_address>
         <run_address>0x42f</run_address>
         <size>0x6c</size>
         <input_file_ref idref="fl-9"/>
      </object_component>
      <object_component id="oc-de">
         <name>.debug_abbrev</name>
         <load_address>0x49b</load_address>
         <run_address>0x49b</run_address>
         <size>0x7a</size>
         <input_file_ref idref="fl-9"/>
      </object_component>
      <object_component id="oc-db">
         <name>.debug_abbrev</name>
         <load_address>0x515</load_address>
         <run_address>0x515</run_address>
         <size>0x6c</size>
         <input_file_ref idref="fl-9"/>
      </object_component>
      <object_component id="oc-d1">
         <name>.debug_abbrev</name>
         <load_address>0x581</load_address>
         <run_address>0x581</run_address>
         <size>0x35</size>
         <input_file_ref idref="fl-9"/>
      </object_component>
      <object_component id="oc-134">
         <name>.debug_abbrev</name>
         <load_address>0x5b6</load_address>
         <run_address>0x5b6</run_address>
         <size>0xb0</size>
         <input_file_ref idref="fl-b"/>
      </object_component>
      <object_component id="oc-ce">
         <name>.debug_abbrev</name>
         <load_address>0x666</load_address>
         <run_address>0x666</run_address>
         <size>0x6c</size>
         <input_file_ref idref="fl-b"/>
      </object_component>
      <object_component id="oc-138">
         <name>.debug_abbrev</name>
         <load_address>0x6d2</load_address>
         <run_address>0x6d2</run_address>
         <size>0x49</size>
         <input_file_ref idref="fl-b"/>
      </object_component>
      <object_component id="oc-f2">
         <name>.debug_abbrev</name>
         <load_address>0x71b</load_address>
         <run_address>0x71b</run_address>
         <size>0x5d</size>
         <input_file_ref idref="fl-c2"/>
      </object_component>
      <object_component id="oc-af">
         <name>.debug_abbrev</name>
         <load_address>0x778</load_address>
         <run_address>0x778</run_address>
         <size>0x6f</size>
         <input_file_ref idref="fl-c2"/>
      </object_component>
      <object_component id="oc-b2">
         <name>.debug_abbrev</name>
         <load_address>0x7e7</load_address>
         <run_address>0x7e7</run_address>
         <size>0x24</size>
         <input_file_ref idref="fl-c2"/>
      </object_component>
      <object_component id="oc-ef">
         <name>.debug_abbrev</name>
         <load_address>0x80b</load_address>
         <run_address>0x80b</run_address>
         <size>0x24</size>
         <input_file_ref idref="fl-c2"/>
      </object_component>
      <object_component id="oc-71">
         <name>.debug_abbrev</name>
         <load_address>0x82f</load_address>
         <run_address>0x82f</run_address>
         <size>0x29</size>
         <input_file_ref idref="fl-c5"/>
      </object_component>
      <object_component id="oc-c5">
         <name>.debug_abbrev</name>
         <load_address>0x858</load_address>
         <run_address>0x858</run_address>
         <size>0x55</size>
         <input_file_ref idref="fl-c5"/>
      </object_component>
      <object_component id="oc-16c">
         <name>.debug_abbrev</name>
         <load_address>0x8ad</load_address>
         <run_address>0x8ad</run_address>
         <size>0xc0</size>
         <input_file_ref idref="fl-c8"/>
      </object_component>
      <object_component id="oc-148">
         <name>.debug_abbrev</name>
         <load_address>0x96d</load_address>
         <run_address>0x96d</run_address>
         <size>0x7e</size>
         <input_file_ref idref="fl-c8"/>
      </object_component>
      <object_component id="oc-170">
         <name>.debug_abbrev</name>
         <load_address>0x9eb</load_address>
         <run_address>0x9eb</run_address>
         <size>0x24</size>
         <input_file_ref idref="fl-c8"/>
      </object_component>
      <object_component id="oc-184">
         <name>.debug_abbrev</name>
         <load_address>0xa0f</load_address>
         <run_address>0xa0f</run_address>
         <size>0x24</size>
         <input_file_ref idref="fl-c8"/>
      </object_component>
      <object_component id="oc-175">
         <name>.debug_abbrev</name>
         <load_address>0xa33</load_address>
         <run_address>0xa33</run_address>
         <size>0x24</size>
         <input_file_ref idref="fl-c8"/>
      </object_component>
      <object_component id="oc-17a">
         <name>.debug_abbrev</name>
         <load_address>0xa57</load_address>
         <run_address>0xa57</run_address>
         <size>0x4b</size>
         <input_file_ref idref="fl-c8"/>
      </object_component>
      <object_component id="oc-f5">
         <name>.debug_abbrev</name>
         <load_address>0xaa2</load_address>
         <run_address>0xaa2</run_address>
         <size>0x55</size>
         <input_file_ref idref="fl-c9"/>
      </object_component>
      <object_component id="oc-13e">
         <name>.debug_abbrev</name>
         <load_address>0xaf7</load_address>
         <run_address>0xaf7</run_address>
         <size>0x45</size>
         <input_file_ref idref="fl-cb"/>
      </object_component>
      <object_component id="oc-1bd">
         <name>.debug_abbrev</name>
         <load_address>0xb3c</load_address>
         <run_address>0xb3c</run_address>
         <size>0xf</size>
      </object_component>
      <object_component id="oc-9b">
         <name>.debug_str</name>
         <load_address>0x0</load_address>
         <run_address>0x0</run_address>
         <size>0x2c0</size>
         <input_file_ref idref="fl-2"/>
      </object_component>
      <object_component id="oc-94">
         <name>.debug_str</name>
         <load_address>0x2c0</load_address>
         <run_address>0x2c0</run_address>
         <size>0xfd</size>
         <input_file_ref idref="fl-2"/>
      </object_component>
      <object_component id="oc-e5">
         <name>.debug_str</name>
         <load_address>0x3bd</load_address>
         <run_address>0x3bd</run_address>
         <size>0x356</size>
         <input_file_ref idref="fl-2"/>
      </object_component>
      <object_component id="oc-a0">
         <name>.debug_str</name>
         <load_address>0x713</load_address>
         <run_address>0x713</run_address>
         <size>0x158</size>
         <input_file_ref idref="fl-2"/>
      </object_component>
      <object_component id="oc-40">
         <name>.debug_str</name>
         <load_address>0x86b</load_address>
         <run_address>0x86b</run_address>
         <size>0xfd</size>
         <input_file_ref idref="fl-3"/>
      </object_component>
      <object_component id="oc-d3">
         <name>.debug_str</name>
         <load_address>0x968</load_address>
         <run_address>0x968</run_address>
         <size>0x241</size>
         <input_file_ref idref="fl-9"/>
      </object_component>
      <object_component id="oc-13a">
         <name>.debug_str</name>
         <load_address>0xba9</load_address>
         <run_address>0xba9</run_address>
         <size>0x141</size>
         <input_file_ref idref="fl-b"/>
      </object_component>
      <object_component id="oc-b4">
         <name>.debug_str</name>
         <load_address>0xcea</load_address>
         <run_address>0xcea</run_address>
         <size>0x105</size>
         <input_file_ref idref="fl-c2"/>
      </object_component>
      <object_component id="oc-f1">
         <name>.debug_str</name>
         <load_address>0xdef</load_address>
         <run_address>0xdef</run_address>
         <size>0x140</size>
         <input_file_ref idref="fl-c2"/>
      </object_component>
      <object_component id="oc-172">
         <name>.debug_str</name>
         <load_address>0xf2f</load_address>
         <run_address>0xf2f</run_address>
         <size>0xed</size>
         <input_file_ref idref="fl-c8"/>
      </object_component>
      <object_component id="oc-186">
         <name>.debug_str</name>
         <load_address>0x101c</load_address>
         <run_address>0x101c</run_address>
         <size>0x157</size>
         <input_file_ref idref="fl-c8"/>
      </object_component>
      <object_component id="oc-177">
         <name>.debug_str</name>
         <load_address>0x1173</load_address>
         <run_address>0x1173</run_address>
         <size>0x150</size>
         <input_file_ref idref="fl-c8"/>
      </object_component>
      <object_component id="oc-17c">
         <name>.debug_str</name>
         <load_address>0x12c3</load_address>
         <run_address>0x12c3</run_address>
         <size>0x197</size>
         <input_file_ref idref="fl-c8"/>
      </object_component>
      <object_component id="oc-2f">
         <name>.debug_aranges</name>
         <load_address>0x0</load_address>
         <run_address>0x0</run_address>
         <size>0x30</size>
         <input_file_ref idref="fl-2"/>
      </object_component>
      <object_component id="oc-2a">
         <name>.debug_aranges</name>
         <load_address>0x30</load_address>
         <run_address>0x30</run_address>
         <size>0x38</size>
         <input_file_ref idref="fl-3"/>
      </object_component>
      <object_component id="oc-d7">
         <name>.debug_aranges</name>
         <load_address>0x68</load_address>
         <run_address>0x68</run_address>
         <size>0x20</size>
         <input_file_ref idref="fl-9"/>
      </object_component>
      <object_component id="oc-82">
         <name>.debug_aranges</name>
         <load_address>0x88</load_address>
         <run_address>0x88</run_address>
         <size>0x20</size>
         <input_file_ref idref="fl-9"/>
      </object_component>
      <object_component id="oc-89">
         <name>.debug_aranges</name>
         <load_address>0xa8</load_address>
         <run_address>0xa8</run_address>
         <size>0x20</size>
         <input_file_ref idref="fl-9"/>
      </object_component>
      <object_component id="oc-7d">
         <name>.debug_aranges</name>
         <load_address>0xc8</load_address>
         <run_address>0xc8</run_address>
         <size>0x20</size>
         <input_file_ref idref="fl-9"/>
      </object_component>
      <object_component id="oc-77">
         <name>.debug_aranges</name>
         <load_address>0xe8</load_address>
         <run_address>0xe8</run_address>
         <size>0x20</size>
         <input_file_ref idref="fl-b"/>
      </object_component>
      <object_component id="oc-4f">
         <name>.debug_aranges</name>
         <load_address>0x108</load_address>
         <run_address>0x108</run_address>
         <size>0x20</size>
         <input_file_ref idref="fl-c2"/>
      </object_component>
      <object_component id="oc-62">
         <name>.debug_aranges</name>
         <load_address>0x128</load_address>
         <run_address>0x128</run_address>
         <size>0x20</size>
         <input_file_ref idref="fl-c5"/>
      </object_component>
      <object_component id="oc-104">
         <name>.debug_aranges</name>
         <load_address>0x148</load_address>
         <run_address>0x148</run_address>
         <size>0x20</size>
         <input_file_ref idref="fl-c8"/>
      </object_component>
      <object_component id="oc-be">
         <name>.debug_aranges</name>
         <load_address>0x168</load_address>
         <run_address>0x168</run_address>
         <size>0x20</size>
         <input_file_ref idref="fl-c9"/>
      </object_component>
      <object_component id="oc-f8">
         <name>.debug_aranges</name>
         <load_address>0x188</load_address>
         <run_address>0x188</run_address>
         <size>0x20</size>
         <input_file_ref idref="fl-cb"/>
      </object_component>
      <object_component id="oc-8e">
         <name>.debug_pubnames</name>
         <load_address>0x0</load_address>
         <run_address>0x0</run_address>
         <size>0x21</size>
         <input_file_ref idref="fl-2"/>
      </object_component>
      <object_component id="oc-32">
         <name>.debug_pubnames</name>
         <load_address>0x21</load_address>
         <run_address>0x21</run_address>
         <size>0x43</size>
         <input_file_ref idref="fl-2"/>
      </object_component>
      <object_component id="oc-14">
         <name>.debug_pubnames</name>
         <load_address>0x64</load_address>
         <run_address>0x64</run_address>
         <size>0x23</size>
         <input_file_ref idref="fl-3"/>
      </object_component>
      <object_component id="oc-2c">
         <name>.debug_pubnames</name>
         <load_address>0x87</load_address>
         <run_address>0x87</run_address>
         <size>0x4c</size>
         <input_file_ref idref="fl-3"/>
      </object_component>
      <object_component id="oc-d8">
         <name>.debug_pubnames</name>
         <load_address>0xd3</load_address>
         <run_address>0xd3</run_address>
         <size>0x25</size>
         <input_file_ref idref="fl-9"/>
      </object_component>
      <object_component id="oc-83">
         <name>.debug_pubnames</name>
         <load_address>0xf8</load_address>
         <run_address>0xf8</run_address>
         <size>0x27</size>
         <input_file_ref idref="fl-9"/>
      </object_component>
      <object_component id="oc-88">
         <name>.debug_pubnames</name>
         <load_address>0x11f</load_address>
         <run_address>0x11f</run_address>
         <size>0x2c</size>
         <input_file_ref idref="fl-9"/>
      </object_component>
      <object_component id="oc-7c">
         <name>.debug_pubnames</name>
         <load_address>0x14b</load_address>
         <run_address>0x14b</run_address>
         <size>0x2b</size>
         <input_file_ref idref="fl-9"/>
      </object_component>
      <object_component id="oc-78">
         <name>.debug_pubnames</name>
         <load_address>0x176</load_address>
         <run_address>0x176</run_address>
         <size>0x2d</size>
         <input_file_ref idref="fl-b"/>
      </object_component>
      <object_component id="oc-50">
         <name>.debug_pubnames</name>
         <load_address>0x1a3</load_address>
         <run_address>0x1a3</run_address>
         <size>0x2e</size>
         <input_file_ref idref="fl-c2"/>
      </object_component>
      <object_component id="oc-26">
         <name>.debug_pubnames</name>
         <load_address>0x1d1</load_address>
         <run_address>0x1d1</run_address>
         <size>0x1e</size>
         <input_file_ref idref="fl-c5"/>
      </object_component>
      <object_component id="oc-61">
         <name>.debug_pubnames</name>
         <load_address>0x1ef</load_address>
         <run_address>0x1ef</run_address>
         <size>0x26</size>
         <input_file_ref idref="fl-c5"/>
      </object_component>
      <object_component id="oc-107">
         <name>.debug_pubnames</name>
         <load_address>0x215</load_address>
         <run_address>0x215</run_address>
         <size>0x35</size>
         <input_file_ref idref="fl-c8"/>
      </object_component>
      <object_component id="oc-bf">
         <name>.debug_pubnames</name>
         <load_address>0x24a</load_address>
         <run_address>0x24a</run_address>
         <size>0x27</size>
         <input_file_ref idref="fl-c9"/>
      </object_component>
      <object_component id="oc-f9">
         <name>.debug_pubnames</name>
         <load_address>0x271</load_address>
         <run_address>0x271</run_address>
         <size>0x1c</size>
         <input_file_ref idref="fl-cb"/>
      </object_component>
      <object_component id="oc-98">
         <name>.debug_pubtypes</name>
         <load_address>0x0</load_address>
         <run_address>0x0</run_address>
         <size>0x25c</size>
         <input_file_ref idref="fl-2"/>
      </object_component>
      <object_component id="oc-91">
         <name>.debug_pubtypes</name>
         <load_address>0x25c</load_address>
         <run_address>0x25c</run_address>
         <size>0xff</size>
         <input_file_ref idref="fl-2"/>
      </object_component>
      <object_component id="oc-e2">
         <name>.debug_pubtypes</name>
         <load_address>0x35b</load_address>
         <run_address>0x35b</run_address>
         <size>0x330</size>
         <input_file_ref idref="fl-2"/>
      </object_component>
      <object_component id="oc-9d">
         <name>.debug_pubtypes</name>
         <load_address>0x68b</load_address>
         <run_address>0x68b</run_address>
         <size>0xaa</size>
         <input_file_ref idref="fl-2"/>
      </object_component>
      <object_component id="oc-3d">
         <name>.debug_pubtypes</name>
         <load_address>0x735</load_address>
         <run_address>0x735</run_address>
         <size>0xed</size>
         <input_file_ref idref="fl-3"/>
      </object_component>
      <object_component id="oc-d0">
         <name>.debug_pubtypes</name>
         <load_address>0x822</load_address>
         <run_address>0x822</run_address>
         <size>0x1c6</size>
         <input_file_ref idref="fl-9"/>
      </object_component>
      <object_component id="oc-137">
         <name>.debug_pubtypes</name>
         <load_address>0x9e8</load_address>
         <run_address>0x9e8</run_address>
         <size>0x28</size>
         <input_file_ref idref="fl-b"/>
      </object_component>
      <object_component id="oc-b1">
         <name>.debug_pubtypes</name>
         <load_address>0xa10</load_address>
         <run_address>0xa10</run_address>
         <size>0x48</size>
         <input_file_ref idref="fl-c2"/>
      </object_component>
      <object_component id="oc-ee">
         <name>.debug_pubtypes</name>
         <load_address>0xa58</load_address>
         <run_address>0xa58</run_address>
         <size>0x1d</size>
         <input_file_ref idref="fl-c2"/>
      </object_component>
      <object_component id="oc-16f">
         <name>.debug_pubtypes</name>
         <load_address>0xa75</load_address>
         <run_address>0xa75</run_address>
         <size>0x32</size>
         <input_file_ref idref="fl-c8"/>
      </object_component>
      <object_component id="oc-183">
         <name>.debug_pubtypes</name>
         <load_address>0xaa7</load_address>
         <run_address>0xaa7</run_address>
         <size>0x30</size>
         <input_file_ref idref="fl-c8"/>
      </object_component>
      <object_component id="oc-174">
         <name>.debug_pubtypes</name>
         <load_address>0xad7</load_address>
         <run_address>0xad7</run_address>
         <size>0x2c</size>
         <input_file_ref idref="fl-c8"/>
      </object_component>
      <object_component id="oc-179">
         <name>.debug_pubtypes</name>
         <load_address>0xb03</load_address>
         <run_address>0xb03</run_address>
         <size>0x50</size>
         <input_file_ref idref="fl-c8"/>
      </object_component>
   </object_component_list>
   <logical_group_list>
      <logical_group id="lg-3" display="no" color="cyan">
         <name>.intvecs</name>
         <load_address>0x0</load_address>
         <run_address>0x0</run_address>
         <size>0x26c</size>
         <contents>
            <object_component_ref idref="oc-12"/>
         </contents>
      </logical_group>
      <logical_group id="lg-4" display="no" color="cyan">
         <name>.text</name>
         <load_address>0x26c</load_address>
         <run_address>0x26c</run_address>
         <size>0x46c</size>
         <contents>
            <object_component_ref idref="oc-2d"/>
            <object_component_ref idref="oc-80"/>
            <object_component_ref idref="oc-102"/>
            <object_component_ref idref="oc-74"/>
            <object_component_ref idref="oc-5f"/>
            <object_component_ref idref="oc-d5"/>
            <object_component_ref idref="oc-4d"/>
            <object_component_ref idref="oc-86"/>
            <object_component_ref idref="oc-7a"/>
            <object_component_ref idref="oc-27"/>
            <object_component_ref idref="oc-bc"/>
            <object_component_ref idref="oc-f6"/>
         </contents>
      </logical_group>
      <logical_group id="lg-5" display="no" color="cyan">
         <name>.const</name>
         <run_address>0x0</run_address>
         <size>0x0</size>
         <contents>
         </contents>
      </logical_group>
      <logical_group id="lg-6" display="no" color="cyan">
         <name>.cinit</name>
         <load_address>0x6d8</load_address>
         <run_address>0x6d8</run_address>
         <size>0x14</size>
         <contents>
            <object_component_ref idref="oc-1b9"/>
            <object_component_ref idref="oc-1b7"/>
            <object_component_ref idref="oc-1b8"/>
         </contents>
      </logical_group>
      <logical_group id="lg-7" display="no" color="cyan">
         <name>.pinit</name>
         <run_address>0x0</run_address>
         <size>0x0</size>
         <contents>
         </contents>
      </logical_group>
      <logical_group id="lg-8" display="no" color="cyan">
         <name>.init_array</name>
         <run_address>0x0</run_address>
         <size>0x0</size>
         <contents>
         </contents>
      </logical_group>
      <logical_group id="lg-9" display="no" color="cyan">
         <name>.vtable</name>
         <run_address>0x0</run_address>
         <size>0x0</size>
         <contents>
         </contents>
      </logical_group>
      <logical_group id="lg-a" display="no" color="cyan">
         <name>.data</name>
         <run_address>0x0</run_address>
         <size>0x0</size>
         <contents>
         </contents>
      </logical_group>
      <logical_group id="lg-b" display="no" color="cyan">
         <name>.bss</name>
         <run_address>0x20000200</run_address>
         <size>0x4</size>
         <contents>
            <object_component_ref idref="oc-8c"/>
         </contents>
      </logical_group>
      <logical_group id="lg-c" display="no" color="cyan">
         <name>.sysmem</name>
         <run_address>0x0</run_address>
         <size>0x0</size>
         <contents>
         </contents>
      </logical_group>
      <logical_group id="lg-d" display="no" color="cyan">
         <name>.stack</name>
         <run_address>0x20000000</run_address>
         <size>0x200</size>
         <contents>
            <object_component_ref idref="oc-24"/>
            <object_component_ref idref="oc-1bb"/>
         </contents>
      </logical_group>
      <logical_group id="lg-18e" display="no" color="cyan">
         <name>.TI.noinit</name>
         <run_address>0x0</run_address>
         <size>0x0</size>
         <contents>
         </contents>
      </logical_group>
      <logical_group id="lg-18f" display="no" color="cyan">
         <name>.TI.persistent</name>
         <run_address>0x0</run_address>
         <size>0x0</size>
         <contents>
         </contents>
      </logical_group>
      <logical_group id="lg-190" display="no" color="cyan">
         <name>__llvm_prf_cnts</name>
         <run_address>0x20000000</run_address>
         <size>0x0</size>
         <contents>
         </contents>
      </logical_group>
      <logical_group id="lg-19f" display="never" color="cyan">
         <name>.debug_info</name>
         <load_address>0x0</load_address>
         <run_address>0x0</run_address>
         <size>0x3ae0</size>
         <contents>
            <object_component_ref idref="oc-8d"/>
            <object_component_ref idref="oc-31"/>
            <object_component_ref idref="oc-97"/>
            <object_component_ref idref="oc-90"/>
            <object_component_ref idref="oc-e1"/>
            <object_component_ref idref="oc-9c"/>
            <object_component_ref idref="oc-35"/>
            <object_component_ref idref="oc-13"/>
            <object_component_ref idref="oc-2b"/>
            <object_component_ref idref="oc-3c"/>
            <object_component_ref idref="oc-dd"/>
            <object_component_ref idref="oc-d6"/>
            <object_component_ref idref="oc-81"/>
            <object_component_ref idref="oc-87"/>
            <object_component_ref idref="oc-7b"/>
            <object_component_ref idref="oc-cf"/>
            <object_component_ref idref="oc-d4"/>
            <object_component_ref idref="oc-76"/>
            <object_component_ref idref="oc-136"/>
            <object_component_ref idref="oc-b5"/>
            <object_component_ref idref="oc-4e"/>
            <object_component_ref idref="oc-b0"/>
            <object_component_ref idref="oc-ed"/>
            <object_component_ref idref="oc-25"/>
            <object_component_ref idref="oc-60"/>
            <object_component_ref idref="oc-149"/>
            <object_component_ref idref="oc-106"/>
            <object_component_ref idref="oc-16e"/>
            <object_component_ref idref="oc-182"/>
            <object_component_ref idref="oc-173"/>
            <object_component_ref idref="oc-178"/>
            <object_component_ref idref="oc-bd"/>
            <object_component_ref idref="oc-f7"/>
            <object_component_ref idref="oc-1bc"/>
         </contents>
      </logical_group>
      <logical_group id="lg-1a1" display="never" color="cyan">
         <name>.debug_line</name>
         <load_address>0x0</load_address>
         <run_address>0x0</run_address>
         <size>0xf7a</size>
         <contents>
            <object_component_ref idref="oc-e0"/>
            <object_component_ref idref="oc-2e"/>
            <object_component_ref idref="oc-9a"/>
            <object_component_ref idref="oc-93"/>
            <object_component_ref idref="oc-e4"/>
            <object_component_ref idref="oc-9f"/>
            <object_component_ref idref="oc-96"/>
            <object_component_ref idref="oc-34"/>
            <object_component_ref idref="oc-29"/>
            <object_component_ref idref="oc-3f"/>
            <object_component_ref idref="oc-13d"/>
            <object_component_ref idref="oc-da"/>
            <object_component_ref idref="oc-85"/>
            <object_component_ref idref="oc-8a"/>
            <object_component_ref idref="oc-7e"/>
            <object_component_ref idref="oc-d2"/>
            <object_component_ref idref="oc-135"/>
            <object_component_ref idref="oc-79"/>
            <object_component_ref idref="oc-139"/>
            <object_component_ref idref="oc-f3"/>
            <object_component_ref idref="oc-51"/>
            <object_component_ref idref="oc-b3"/>
            <object_component_ref idref="oc-f0"/>
            <object_component_ref idref="oc-72"/>
            <object_component_ref idref="oc-64"/>
            <object_component_ref idref="oc-16d"/>
            <object_component_ref idref="oc-103"/>
            <object_component_ref idref="oc-171"/>
            <object_component_ref idref="oc-185"/>
            <object_component_ref idref="oc-176"/>
            <object_component_ref idref="oc-17b"/>
            <object_component_ref idref="oc-c0"/>
            <object_component_ref idref="oc-fa"/>
         </contents>
      </logical_group>
      <logical_group id="lg-1a3" display="never" color="cyan">
         <name>.debug_frame</name>
         <load_address>0x0</load_address>
         <run_address>0x0</run_address>
         <size>0x561</size>
         <contents>
            <object_component_ref idref="oc-30"/>
            <object_component_ref idref="oc-28"/>
            <object_component_ref idref="oc-d9"/>
            <object_component_ref idref="oc-84"/>
            <object_component_ref idref="oc-8b"/>
            <object_component_ref idref="oc-7f"/>
            <object_component_ref idref="oc-75"/>
            <object_component_ref idref="oc-52"/>
            <object_component_ref idref="oc-63"/>
            <object_component_ref idref="oc-105"/>
            <object_component_ref idref="oc-c1"/>
            <object_component_ref idref="oc-fb"/>
         </contents>
      </logical_group>
      <logical_group id="lg-1a5" display="never" color="cyan">
         <name>.debug_abbrev</name>
         <load_address>0x0</load_address>
         <run_address>0x0</run_address>
         <size>0xb4b</size>
         <contents>
            <object_component_ref idref="oc-df"/>
            <object_component_ref idref="oc-8f"/>
            <object_component_ref idref="oc-99"/>
            <object_component_ref idref="oc-92"/>
            <object_component_ref idref="oc-e3"/>
            <object_component_ref idref="oc-9e"/>
            <object_component_ref idref="oc-95"/>
            <object_component_ref idref="oc-33"/>
            <object_component_ref idref="oc-73"/>
            <object_component_ref idref="oc-3e"/>
            <object_component_ref idref="oc-13c"/>
            <object_component_ref idref="oc-13b"/>
            <object_component_ref idref="oc-dc"/>
            <object_component_ref idref="oc-de"/>
            <object_component_ref idref="oc-db"/>
            <object_component_ref idref="oc-d1"/>
            <object_component_ref idref="oc-134"/>
            <object_component_ref idref="oc-ce"/>
            <object_component_ref idref="oc-138"/>
            <object_component_ref idref="oc-f2"/>
            <object_component_ref idref="oc-af"/>
            <object_component_ref idref="oc-b2"/>
            <object_component_ref idref="oc-ef"/>
            <object_component_ref idref="oc-71"/>
            <object_component_ref idref="oc-c5"/>
            <object_component_ref idref="oc-16c"/>
            <object_component_ref idref="oc-148"/>
            <object_component_ref idref="oc-170"/>
            <object_component_ref idref="oc-184"/>
            <object_component_ref idref="oc-175"/>
            <object_component_ref idref="oc-17a"/>
            <object_component_ref idref="oc-f5"/>
            <object_component_ref idref="oc-13e"/>
            <object_component_ref idref="oc-1bd"/>
         </contents>
      </logical_group>
      <logical_group id="lg-1a7" display="never" color="cyan">
         <name>.debug_str</name>
         <load_address>0x0</load_address>
         <run_address>0x0</run_address>
         <size>0x145a</size>
         <contents>
            <object_component_ref idref="oc-9b"/>
            <object_component_ref idref="oc-94"/>
            <object_component_ref idref="oc-e5"/>
            <object_component_ref idref="oc-a0"/>
            <object_component_ref idref="oc-40"/>
            <object_component_ref idref="oc-d3"/>
            <object_component_ref idref="oc-13a"/>
            <object_component_ref idref="oc-b4"/>
            <object_component_ref idref="oc-f1"/>
            <object_component_ref idref="oc-172"/>
            <object_component_ref idref="oc-186"/>
            <object_component_ref idref="oc-177"/>
            <object_component_ref idref="oc-17c"/>
         </contents>
      </logical_group>
      <logical_group id="lg-1a9" display="never" color="cyan">
         <name>.debug_aranges</name>
         <load_address>0x0</load_address>
         <run_address>0x0</run_address>
         <size>0x1a8</size>
         <contents>
            <object_component_ref idref="oc-2f"/>
            <object_component_ref idref="oc-2a"/>
            <object_component_ref idref="oc-d7"/>
            <object_component_ref idref="oc-82"/>
            <object_component_ref idref="oc-89"/>
            <object_component_ref idref="oc-7d"/>
            <object_component_ref idref="oc-77"/>
            <object_component_ref idref="oc-4f"/>
            <object_component_ref idref="oc-62"/>
            <object_component_ref idref="oc-104"/>
            <object_component_ref idref="oc-be"/>
            <object_component_ref idref="oc-f8"/>
         </contents>
      </logical_group>
      <logical_group id="lg-1ab" display="never" color="cyan">
         <name>.debug_pubnames</name>
         <load_address>0x0</load_address>
         <run_address>0x0</run_address>
         <size>0x28d</size>
         <contents>
            <object_component_ref idref="oc-8e"/>
            <object_component_ref idref="oc-32"/>
            <object_component_ref idref="oc-14"/>
            <object_component_ref idref="oc-2c"/>
            <object_component_ref idref="oc-d8"/>
            <object_component_ref idref="oc-83"/>
            <object_component_ref idref="oc-88"/>
            <object_component_ref idref="oc-7c"/>
            <object_component_ref idref="oc-78"/>
            <object_component_ref idref="oc-50"/>
            <object_component_ref idref="oc-26"/>
            <object_component_ref idref="oc-61"/>
            <object_component_ref idref="oc-107"/>
            <object_component_ref idref="oc-bf"/>
            <object_component_ref idref="oc-f9"/>
         </contents>
      </logical_group>
      <logical_group id="lg-1ad" display="never" color="cyan">
         <name>.debug_pubtypes</name>
         <load_address>0x0</load_address>
         <run_address>0x0</run_address>
         <size>0xb53</size>
         <contents>
            <object_component_ref idref="oc-98"/>
            <object_component_ref idref="oc-91"/>
            <object_component_ref idref="oc-e2"/>
            <object_component_ref idref="oc-9d"/>
            <object_component_ref idref="oc-3d"/>
            <object_component_ref idref="oc-d0"/>
            <object_component_ref idref="oc-137"/>
            <object_component_ref idref="oc-b1"/>
            <object_component_ref idref="oc-ee"/>
            <object_component_ref idref="oc-16f"/>
            <object_component_ref idref="oc-183"/>
            <object_component_ref idref="oc-174"/>
            <object_component_ref idref="oc-179"/>
         </contents>
      </logical_group>
      <logical_group id="lg-1ba" display="no" color="cyan">
         <name>Veneer$$CMSE</name>
         <run_address>0x0</run_address>
         <size>0x0</size>
         <contents>
         </contents>
      </logical_group>
      <load_segment id="lg-1bf" display="no" color="cyan">
         <name>SEGMENT_0</name>
         <load_address>0x0</load_address>
         <run_address>0x0</run_address>
         <size>0x6ec</size>
         <flags>0x5</flags>
         <contents>
            <logical_group_ref idref="lg-3"/>
            <logical_group_ref idref="lg-4"/>
            <logical_group_ref idref="lg-6"/>
         </contents>
      </load_segment>
      <load_segment id="lg-1c0" display="no" color="cyan">
         <name>SEGMENT_1</name>
         <run_address>0x20000000</run_address>
         <size>0x204</size>
         <flags>0x6</flags>
         <contents>
            <logical_group_ref idref="lg-d"/>
            <logical_group_ref idref="lg-b"/>
         </contents>
      </load_segment>
   </logical_group_list>
   <placement_map>
      <memory_area display="yes" color="green">
         <name>FLASH</name>
         <page_id>0x0</page_id>
         <origin>0x0</origin>
         <length>0x40000</length>
         <used_space>0x6ec</used_space>
         <unused_space>0x3f914</unused_space>
         <attributes>RX</attributes>
         <usage_details>
            <allocated_space>
               <start_address>0x0</start_address>
               <size>0x26c</size>
               <logical_group_ref idref="lg-3"/>
            </allocated_space>
            <allocated_space>
               <start_address>0x26c</start_address>
               <size>0x46c</size>
               <logical_group_ref idref="lg-4"/>
            </allocated_space>
            <allocated_space>
               <start_address>0x6d8</start_address>
               <size>0x14</size>
               <logical_group_ref idref="lg-6"/>
            </allocated_space>
            <available_space>
               <start_address>0x6ec</start_address>
               <size>0x3f914</size>
            </available_space>
         </usage_details>
      </memory_area>
      <memory_area display="yes" color="green">
         <name>SRAM</name>
         <page_id>0x0</page_id>
         <origin>0x20000000</origin>
         <length>0x8000</length>
         <used_space>0x204</used_space>
         <unused_space>0x7dfc</unused_space>
         <attributes>RWX</attributes>
         <usage_details>
            <allocated_space>
               <start_address>0x20000000</start_address>
               <size>0x0</size>
               <logical_group_ref idref="lg-190"/>
            </allocated_space>
            <allocated_space>
               <start_address>0x20000000</start_address>
               <size>0x200</size>
               <logical_group_ref idref="lg-d"/>
            </allocated_space>
            <allocated_space>
               <start_address>0x20000200</start_address>
               <size>0x4</size>
               <logical_group_ref idref="lg-b"/>
            </allocated_space>
            <available_space>
               <start_address>0x20000204</start_address>
               <size>0x7dfc</size>
            </available_space>
         </usage_details>
      </memory_area>
   </placement_map>
   <cptbl_list>
      <cptbl>
         <name>__TI_cinit_table</name>
         <cprec>
            <name>.bss</name>
            <load_address>0x6d8</load_address>
            <load_size>0x8</load_size>
            <run_address>0x20000200</run_address>
            <run_size>0x4</run_size>
            <compression>zero_init</compression>
         </cprec>
      </cptbl>
   </cptbl_list>
   <handler_table>
      <handler_table_name>__TI_handler_table</handler_table_name>
      <handler>
         <index>0x0</index>
         <name>__TI_zero_init</name>
      </handler>
   </handler_table>
   <symbol_table>
      <symbol id="sm-1">
         <name>__STACK_TOP</name>
         <value>0x20000200</value>
      </symbol>
      <symbol id="sm-2">
         <name>__start___llvm_prf_cnts</name>
         <value>0x20000000</value>
      </symbol>
      <symbol id="sm-3">
         <name>__stop___llvm_prf_cnts</name>
         <value>0x20000000</value>
      </symbol>
      <symbol id="sm-4">
         <name>__TI_CINIT_Base</name>
         <value>0x6e4</value>
      </symbol>
      <symbol id="sm-5">
         <name>__TI_CINIT_Limit</name>
         <value>0x6ec</value>
      </symbol>
      <symbol id="sm-6">
         <name>__TI_Handler_Table_Base</name>
         <value>0x6e0</value>
      </symbol>
      <symbol id="sm-7">
         <name>__TI_Handler_Table_Limit</name>
         <value>0x6e4</value>
      </symbol>
      <symbol id="sm-8">
         <name>binit</name>
         <value>0xffffffff</value>
      </symbol>
      <symbol id="sm-9">
         <name>__binit__</name>
         <value>0xffffffff</value>
      </symbol>
      <symbol id="sm-a">
         <name>__STACK_SIZE</name>
         <value>0x200</value>
      </symbol>
      <symbol id="sm-b">
         <name>__STACK_END</name>
         <value>0x20000200</value>
      </symbol>
      <symbol id="sm-c">
         <name>__c_args__</name>
         <value>0xffffffff</value>
      </symbol>
      <symbol id="sm-d">
         <name>__TI_pprof_out_hndl</name>
         <value>0xffffffff</value>
      </symbol>
      <symbol id="sm-e">
         <name>__TI_prof_data_start</name>
         <value>0xffffffff</value>
      </symbol>
      <symbol id="sm-f">
         <name>__TI_prof_data_size</name>
         <value>0xffffffff</value>
      </symbol>
      <symbol id="sm-5e">
         <name>ui32Period</name>
         <value>0x20000200</value>
      </symbol>
      <symbol id="sm-5f">
         <name>UARTIntHandler</name>
         <value>0x39b</value>
         <object_component_ref idref="oc-2d"/>
      </symbol>
      <symbol id="sm-60">
         <name>main</name>
         <value>0x26d</value>
         <object_component_ref idref="oc-2d"/>
      </symbol>
      <symbol id="sm-61">
         <name>Timer0IntHandler</name>
         <value>0x403</value>
         <object_component_ref idref="oc-2d"/>
      </symbol>
      <symbol id="sm-82">
         <name>ResetISR</name>
         <value>0x6c5</value>
         <object_component_ref idref="oc-27"/>
      </symbol>
      <symbol id="sm-83">
         <name>g_pfnVectors</name>
         <value>0x0</value>
         <object_component_ref idref="oc-12"/>
      </symbol>
      <symbol id="sm-af">
         <name>GPIOPinTypeGPIOInput</name>
         <value>0x6b3</value>
         <object_component_ref idref="oc-7a"/>
      </symbol>
      <symbol id="sm-b0">
         <name>GPIOPinTypeGPIOOutput</name>
         <value>0x69b</value>
         <object_component_ref idref="oc-86"/>
      </symbol>
      <symbol id="sm-b1">
         <name>GPIODirModeSet</name>
         <value>0x655</value>
         <object_component_ref idref="oc-d5"/>
      </symbol>
      <symbol id="sm-b2">
         <name>GPIOPadConfigSet</name>
         <value>0x475</value>
         <object_component_ref idref="oc-80"/>
      </symbol>
      <symbol id="sm-c7">
         <name>SysCtlPeripheralEnable</name>
         <value>0x5ed</value>
         <object_component_ref idref="oc-74"/>
      </symbol>
      <symbol id="sm-e1">
         <name>__TI_zero_init_nomemset</name>
         <value>0x67f</value>
         <object_component_ref idref="oc-4d"/>
      </symbol>
      <symbol id="sm-f6">
         <name>__stack</name>
         <value>0x20000000</value>
         <object_component_ref idref="oc-24"/>
      </symbol>
      <symbol id="sm-f7">
         <name>_c_int00_noargs</name>
         <value>0x621</value>
         <object_component_ref idref="oc-5f"/>
      </symbol>
      <symbol id="sm-121">
         <name>__TI_auto_init_nobinit_nopinit</name>
         <value>0x5a9</value>
         <object_component_ref idref="oc-102"/>
      </symbol>
      <symbol id="sm-12b">
         <name>_system_pre_init</name>
         <value>0x6d1</value>
         <object_component_ref idref="oc-bc"/>
      </symbol>
      <symbol id="sm-137">
         <name>C$$EXIT</name>
         <value>0x6d5</value>
         <object_component_ref idref="oc-f6"/>
      </symbol>
      <symbol id="sm-138">
         <name>abort</name>
         <value>0x6d5</value>
         <object_component_ref idref="oc-f6"/>
      </symbol>
      <symbol id="sm-13b">
         <name>__TI_static_base__</name>
         <value>0x0</value>
      </symbol>
      <symbol id="sm-13d">
         <name>__mpu_init</name>
         <value>0x0</value>
      </symbol>
      <symbol id="sm-13e">
         <name>_system_post_cinit</name>
         <value>0x0</value>
      </symbol>
   </symbol_table>
   <title>Link successful</title>
</link_info>
